{
	"genres": [
		"Comedy",
		"Fantasy",
		"Crime",
		"Drama",
		"Music",
		"Adventure",
		"History",
		"Thriller",
		"Animation",
		"Family",
		"Mystery",
		"Biography",
		"Action",
		"Film-Noir",
		"Romance",
		"Sci-Fi",
		"War",
		"Western",
		"Horror",
		"Musical",
		"Sport"
	],
	"movies": [{
		"id": 1,
		"title": "Beetlejuice",
		"year": "1988",
		"pic": "beetlejuice",
		"runtime": "92",
		"genres": [
			"Comedy",
			"Fantasy"
		],
		"director": "Tim Burton",
		"actors": "Alec Baldwin, Geena Davis, Annie McEnroe, Maurice Page",
		"plot": "A couple of recently deceased ghosts contract the services of a \"bio-exorcist\" in order to remove the obnoxious new owners of their house.",
		"posterUrl": "https://images-na.ssl-images-amazon.com/images/M/MV5BMTUwODE3MDE0MV5BMl5BanBnXkFtZTgwNTk1MjI4MzE@._V1_SX300.jpg"
	},
		{
			"id": 2,
			"title": "The Cotton Club",
			"year": "1984",
			"pic": "cottinclub",
			"runtime": "127",
			"genres": [
				"Crime",
				"Drama",
				"Music"
			],
			"director": "Francis Ford Coppola",
			"actors": "Richard Gere, Gregory Hines, Diane Lane, Lonette McKee",
			"plot": "The Cotton Club was a famous night club in Harlem. The story follows the people that visited the club, those that ran it, and is peppered with the Jazz music that made it so famous.",
			"posterUrl": "https://images-na.ssl-images-amazon.com/images/M/MV5BMTU5ODAyNzA4OV5BMl5BanBnXkFtZTcwNzYwNTIzNA@@._V1_SX300.jpg"
		},
		{
			"id": 3,
			"title": "The Shawshank Redemption",
			"year": "1994",
			"pic": "shawshank",
			"runtime": "142",
			"genres": [
				"Crime",
				"Drama"
			],
			"director": "Frank Darabont",
			"actors": "Tim Robbins, Morgan Freeman, Bob Gunton, William Sadler",
			"plot": "Two imprisoned men bond over a number of years, finding solace and eventual redemption through acts of common decency.",
			"posterUrl": "https://images-na.ssl-images-amazon.com/images/M/MV5BODU4MjU4NjIwNl5BMl5BanBnXkFtZTgwMDU2MjEyMDE@._V1_SX300.jpg"
		},
		{
			"id": 4,
			"title": "Crocodile Dundee",
			"year": "1986",
			"pic": "crocodile",
			"runtime": "97",
			"genres": [
				"Adventure",
				"Comedy"
			],
			"director": "Peter Faiman",
			"actors": "Paul Hogan, Linda Kozlowski, John Meillon, David Gulpilil",
			"plot": "An American reporter goes to the Australian outback to meet an eccentric crocodile poacher and invites him to New York City.",
			"posterUrl": "https://images-na.ssl-images-amazon.com/images/M/MV5BMTg0MTU1MTg4NF5BMl5BanBnXkFtZTgwMDgzNzYxMTE@._V1_SX300.jpg"
		},
		{
			"id": 5,
			"title": "Valkyrie",
			"year": "2008",
			"pic": "valk",
			"runtime": "121",
			"genres": [
				"Drama",
				"History",
				"Thriller"
			],
			"director": "Bryan Singer",
			"actors": "Tom Cruise, Kenneth Branagh, Bill Nighy, Tom Wilkinson",
			"plot": "A dramatization of the 20 July assassination and political coup plot by desperate renegade German Army officers against Hitler during World War II.",
			"posterUrl": "http://ia.media-imdb.com/images/M/MV5BMTg3Njc2ODEyN15BMl5BanBnXkFtZTcwNTAwMzc3NA@@._V1_SX300.jpg"
		},
		{
			"id": 6,
			"title": "Ratatouille",
			"year": "2007",
			"pic": "rat",
			"runtime": "111",
			"genres": [
				"Animation",
				"Comedy",
				"Family"
			],
			"director": "Brad Bird, Jan Pinkava",
			"actors": "Patton Oswalt, Ian Holm, Lou Romano, Brian Dennehy",
			"plot": "A rat who can cook makes an unusual alliance with a young kitchen worker at a famous restaurant.",
			"posterUrl": "https://images-na.ssl-images-amazon.com/images/M/MV5BMTMzODU0NTkxMF5BMl5BanBnXkFtZTcwMjQ4MzMzMw@@._V1_SX300.jpg"
		},
		{
			"id": 7,
			"title": "City of God",
			"year": "2002",
			"pic": "cityofgod",
			"runtime": "130",
			"genres": [
				"Crime",
				"Drama"
			],
			"director": "Fernando Meirelles, Kátia Lund",
			"actors": "Alexandre Rodrigues, Leandro Firmino, Phellipe Haagensen, Douglas Silva",
			"plot": "Two boys growing up in a violent neighborhood of Rio de Janeiro take different paths: one becomes a photographer, the other a drug dealer.",
			"posterUrl": "https://images-na.ssl-images-amazon.com/images/M/MV5BMjA4ODQ3ODkzNV5BMl5BanBnXkFtZTYwOTc4NDI3._V1_SX300.jpg"
		},
		{
			"id": 8,
			"title": "Memento",
			"year": "2000",
			"pic": "memento",
			"runtime": "113",
			"genres": [
				"Mystery",
				"Thriller"
			],
			"director": "Christopher Nolan",
			"actors": "Guy Pearce, Carrie-Anne Moss, Joe Pantoliano, Mark Boone Junior",
			"plot": "A man juggles searching for his wife's murderer and keeping his short-term memory loss from being an obstacle.",
			"posterUrl": "https://images-na.ssl-images-amazon.com/images/M/MV5BNThiYjM3MzktMDg3Yy00ZWQ3LTk3YWEtN2M0YmNmNWEwYTE3XkEyXkFqcGdeQXVyMTQxNzMzNDI@._V1_SX300.jpg"
		},
		{
			"id": 9,
			"title": "The Intouchables",
			"year": "2011",
			"pic": "intouchables",
			"runtime": "112",
			"genres": [
				"Biography",
				"Comedy",
				"Drama"
			],
			"director": "Olivier Nakache, Eric Toledano",
			"actors": "François Cluzet, Omar Sy, Anne Le Ny, Audrey Fleurot",
			"plot": "After he becomes a quadriplegic from a paragliding accident, an aristocrat hires a young man from the projects to be his caregiver.",
			"posterUrl": "http://ia.media-imdb.com/images/M/MV5BMTYxNDA3MDQwNl5BMl5BanBnXkFtZTcwNTU4Mzc1Nw@@._V1_SX300.jpg"
		},
		{
			"id": 10,
			"title": "Stardust",
			"year": "2007",
			"pic": "stardust",
			"runtime": "127",
			"genres": [
				"Adventure",
				"Family",
				"Fantasy"
			],
			"director": "Matthew Vaughn",
			"actors": "Ian McKellen, Bimbo Hart, Alastair MacIntosh, David Kelly",
			"plot": "In a countryside town bordering on a magical land, a young man makes a promise to his beloved that he'll retrieve a fallen star by venturing into the magical realm.",
			"posterUrl": "https://images-na.ssl-images-amazon.com/images/M/MV5BMjkyMTE1OTYwNF5BMl5BanBnXkFtZTcwMDIxODYzMw@@._V1_SX300.jpg"
		},
		{
			"id": 11,
			"title": "Apocalypto",
			"year": "2006",
			"pic": "apoco",
			"runtime": "139",
			"genres": [
				"Action",
				"Adventure",
				"Drama"
			],
			"director": "Mel Gibson",
			"actors": "Rudy Youngblood, Dalia Hernández, Jonathan Brewer, Morris Birdyellowhead",
			"plot": "As the Mayan kingdom faces its decline, the rulers insist the key to prosperity is to build more temples and offer human sacrifices. Jaguar Paw, a young man captured for sacrifice, flees to avoid his fate.",
			"posterUrl": "https://images-na.ssl-images-amazon.com/images/M/MV5BNTM1NjYyNTY5OV5BMl5BanBnXkFtZTcwMjgwNTMzMQ@@._V1_SX300.jpg"
		},
		{
			"id": 12,
			"title": "Taxi Driver",
			"year": "1976",
			"pic": "taxidriver",
			"runtime": "113",
			"genres": [
				"Crime",
				"Drama"
			],
			"director": "Martin Scorsese",
			"actors": "Diahnne Abbott, Frank Adu, Victor Argo, Gino Ardito",
			"plot": "A mentally unstable Vietnam War veteran works as a night-time taxi driver in New York City where the perceived decadence and sleaze feeds his urge for violent action, attempting to save a preadolescent prostitute in the process.",
			"posterUrl": "https://images-na.ssl-images-amazon.com/images/M/MV5BNGQxNDgzZWQtZTNjNi00M2RkLWExZmEtNmE1NjEyZDEwMzA5XkEyXkFqcGdeQXVyMTQxNzMzNDI@._V1_SX300.jpg"
		},
		{
			"id": 13,
			"title": "No Country for Old Men",
			"year": "2007",
			"pic": "nocountry",
			"runtime": "122",
			"genres": [
				"Crime",
				"Drama",
				"Thriller"
			],
			"director": "Ethan Coen, Joel Coen",
			"actors": "Tommy Lee Jones, Javier Bardem, Josh Brolin, Woody Harrelson",
			"plot": "Violence and mayhem ensue after a hunter stumbles upon a drug deal gone wrong and more than two million dollars in cash near the Rio Grande.",
			"posterUrl": "https://images-na.ssl-images-amazon.com/images/M/MV5BMjA5Njk3MjM4OV5BMl5BanBnXkFtZTcwMTc5MTE1MQ@@._V1_SX300.jpg"
		},
		{
			"id": 14,
			"title": "Planet 51",
			"year": "2009",
			"pic": "planet",
			"runtime": "91",
			"genres": [
				"Animation",
				"Adventure",
				"Comedy"
			],
			"director": "Jorge Blanco, Javier Abad, Marcos Martínez",
			"actors": "Jessica Biel, John Cleese, Gary Oldman, Dwayne Johnson",
			"plot": "An alien civilization is invaded by Astronaut Chuck Baker, who believes that the planet was uninhabited. Wanted by the military, Baker must get back to his ship before it goes into orbit without him.",
			"posterUrl": "http://ia.media-imdb.com/images/M/MV5BMTUyOTAyNTA5Ml5BMl5BanBnXkFtZTcwODU2OTM0Mg@@._V1_SX300.jpg"
		}
	]
}